date,case,active_case,dos,vaccine,number,doh,covid,two,rate,case_bulletin,data,day,active,based,number_case,new_cases
2021-09-01,1.0,0.0,33.0,27.0,0.0,0.0,0.0,18.0,11.0,0.0,4.0,9.0,0.0,15.0,0.0,14056.0
2021-09-02,0.0,0.0,0.0,0.0,0.0,0.0,0.0,0.0,0.0,0.0,0.0,0.0,0.0,0.0,0.0,16397.0
2021-09-03,3.0,0.0,0.0,0.0,0.0,1.0,0.0,0.0,0.0,0.0,1.0,2.0,0.0,0.0,0.0,20060.0
2021-09-04,0.0,0.0,11.0,10.0,0.0,0.0,0.0,6.0,3.0,0.0,1.0,3.0,0.0,5.0,0.0,12829.0
2021-09-04,0.0,0.0,11.0,10.0,0.0,0.0,0.0,6.0,3.0,0.0,1.0,3.0,0.0,5.0,0.0,7687.0
2021-09-05,4.0,0.0,0.0,1.0,0.0,0.0,0.0,0.0,0.0,0.0,1.0,0.0,0.0,0.0,0.0,19789.0
2021-09-06,7.0,0.0,0.0,0.0,1.0,2.0,0.0,0.0,1.0,0.0,1.0,0.0,0.0,0.0,0.0,22191.0
2021-09-07,0.0,0.0,23.0,18.0,0.0,0.0,0.0,12.0,6.0,0.0,2.0,5.0,0.0,10.0,0.0,17788.0
2021-09-08,1.0,0.0,0.0,0.0,0.0,0.0,0.0,0.0,0.0,0.0,0.0,1.0,0.0,0.0,0.0,17695.0
2021-09-09,5.0,0.0,0.0,0.0,0.0,2.0,0.0,0.0,1.0,0.0,3.0,1.0,0.0,0.0,0.0,22525.0
2021-09-10,0.0,0.0,33.0,27.0,0.0,0.0,0.0,19.0,9.0,0.0,3.0,11.0,0.0,15.0,0.0,17730.0
2021-09-11,2.0,0.0,11.0,9.0,0.0,1.0,0.0,6.0,3.0,0.0,1.0,3.0,0.0,5.0,0.0,25876.0
2021-09-12,0.0,0.0,11.0,20.0,0.0,0.0,0.0,6.0,3.0,0.0,1.0,3.0,0.0,5.0,0.0,21121.0
2021-09-13,1.0,0.0,11.0,9.0,0.0,0.0,0.0,6.0,3.0,0.0,1.0,0.0,0.0,5.0,0.0,20480.0
2021-09-14,0.0,0.0,0.0,15.0,0.0,0.0,0.0,1.0,2.0,0.0,1.0,0.0,0.0,1.0,0.0,17815.0
2021-09-15,4.0,0.0,2.0,35.0,1.0,0.0,0.0,1.0,0.0,0.0,1.0,6.0,0.0,2.0,0.0,16752.0
2021-09-16,0.0,0.0,1.0,3.0,0.0,0.0,0.0,1.0,0.0,0.0,2.0,0.0,0.0,1.0,0.0,20961.0
2021-09-17,2.0,0.0,0.0,0.0,4.0,0.0,0.0,0.0,2.0,0.0,0.0,0.0,0.0,1.0,0.0,20067.0
2021-09-18,5.0,0.0,0.0,0.0,0.0,0.0,0.0,0.0,0.0,0.0,0.0,0.0,0.0,0.0,0.0,22787.0
2021-09-19,7.0,0.0,0.0,0.0,1.0,3.0,0.0,1.0,0.0,0.0,3.0,0.0,0.0,0.0,0.0,19005.0
2021-09-20,0.0,0.0,0.0,1.0,0.0,0.0,0.0,1.0,0.0,0.0,0.0,1.0,0.0,0.0,0.0,18694.0
2021-09-21,1.0,0.0,0.0,0.0,0.0,0.0,0.0,0.0,0.0,0.0,0.0,0.0,0.0,0.0,0.0,16146.0
2021-09-22,0.0,0.0,0.0,0.0,0.0,1.0,0.0,0.0,0.0,0.0,0.0,0.0,0.0,0.0,0.0,15346.0
2021-09-23,2.0,0.0,0.0,0.0,0.0,0.0,0.0,0.0,0.0,0.0,0.0,3.0,0.0,0.0,0.0,17187.0
2021-09-24,2.0,0.0,0.0,7.0,0.0,6.0,0.0,0.0,0.0,0.0,1.0,6.0,0.0,0.0,0.0,18336.0
2021-09-25,0.0,0.0,0.0,6.0,0.0,0.0,0.0,1.0,0.0,0.0,0.0,4.0,0.0,0.0,0.0,10266.0
2021-09-26,0.0,0.0,1.0,0.0,0.0,0.0,0.0,0.0,0.0,0.0,0.0,0.0,0.0,0.0,0.0,20424.0
2021-09-27,0.0,0.0,0.0,0.0,1.0,0.0,0.0,0.0,0.0,0.0,0.0,0.0,0.0,0.0,0.0,18269.0
2021-09-28,1.0,0.0,0.0,5.0,0.0,0.0,0.0,0.0,0.0,0.0,1.0,0.0,0.0,0.0,0.0,13646.0
2021-09-29,1.0,0.0,2.0,31.0,0.0,0.0,0.0,5.0,1.0,0.0,1.0,9.0,0.0,2.0,0.0,12611.0
2021-09-30,2.0,0.0,2.0,11.0,0.0,0.0,0.0,0.0,0.0,0.0,0.0,6.0,0.0,0.0,0.0,14061.0
2021-10-01,1.0,0.0,2.0,6.0,1.0,0.0,0.0,1.0,0.0,0.0,0.0,3.0,0.0,1.0,0.0,15333.0
2021-10-02,2.0,0.0,0.0,0.0,0.0,0.0,0.0,0.0,0.0,0.0,0.0,3.0,0.0,0.0,0.0,14561.0
2021-10-03,0.0,0.0,0.0,0.0,0.0,0.0,0.0,0.0,0.0,0.0,0.0,0.0,0.0,0.0,0.0,13066.0
2021-10-04,1.0,0.0,0.0,0.0,1.0,1.0,0.0,0.0,0.0,0.0,1.0,0.0,0.0,0.0,0.0,10623.0
2021-10-05,1.0,0.0,0.0,0.0,0.0,0.0,0.0,0.0,0.0,0.0,0.0,0.0,0.0,0.0,0.0,8941.0
2021-10-06,0.0,0.0,0.0,0.0,0.0,0.0,0.0,0.0,0.0,0.0,0.0,0.0,0.0,0.0,0.0,9746.0
2021-10-07,4.0,0.0,0.0,2.0,1.0,1.0,0.0,0.0,2.0,0.0,1.0,0.0,0.0,1.0,0.0,9866.0
2021-10-08,2.0,0.0,0.0,5.0,2.0,1.0,0.0,0.0,0.0,0.0,2.0,4.0,0.0,0.0,0.0,10487.0
2021-10-09,0.0,0.0,0.0,1.0,0.0,0.0,0.0,0.0,0.0,0.0,0.0,1.0,0.0,0.0,0.0,10842.0
2021-10-10,4.0,0.0,0.0,3.0,1.0,0.0,0.0,2.0,2.0,0.0,1.0,0.0,0.0,1.0,0.0,11955.0
2021-10-11,2.0,0.0,0.0,1.0,0.0,0.0,0.0,1.0,0.0,0.0,0.0,0.0,0.0,1.0,0.0,8165.0
2021-10-12,0.0,0.0,3.0,0.0,0.0,0.0,0.0,0.0,0.0,0.0,0.0,0.0,0.0,0.0,0.0,8420.0
2021-10-13,,,,,,,,,,,,,,,,7055.0
2021-10-14,6.0,0.0,0.0,8.0,1.0,4.0,0.0,1.0,4.0,0.0,8.0,11.0,0.0,3.0,0.0,7702.0
2021-10-15,0.0,0.0,4.0,5.0,0.0,0.0,0.0,2.0,0.0,0.0,0.0,0.0,0.0,0.0,0.0,7485.0
2021-10-16,0.0,0.0,0.0,1.0,1.0,0.0,0.0,0.0,0.0,0.0,0.0,0.0,0.0,0.0,0.0,7657.0
2021-10-17,3.0,0.0,0.0,1.0,0.0,0.0,0.0,0.0,0.0,0.0,1.0,0.0,0.0,1.0,0.0,6816.0
2021-10-18,0.0,0.0,0.0,0.0,0.0,0.0,0.0,0.0,0.0,0.0,0.0,0.0,0.0,0.0,0.0,6814.0
2021-10-19,0.0,0.0,0.0,0.0,0.0,0.0,0.0,0.0,0.0,0.0,0.0,0.0,0.0,0.0,0.0,4424.0
2021-10-20,9.0,0.0,2.0,11.0,8.0,3.0,0.0,0.0,2.0,0.0,2.0,0.0,1.0,1.0,0.0,3575.0
2021-10-21,1.0,0.0,3.0,28.0,1.0,3.0,0.0,2.0,1.0,0.0,3.0,1.0,0.0,2.0,0.0,4734.0
2021-10-22,2.0,0.0,0.0,26.0,0.0,0.0,0.0,1.0,3.0,0.0,1.0,2.0,0.0,0.0,0.0,5741.0
2021-10-23,0.0,0.0,0.0,0.0,0.0,0.0,0.0,0.0,1.0,0.0,0.0,0.0,0.0,0.0,0.0,5733.0
2021-10-24,0.0,0.0,0.0,1.0,0.0,1.0,0.0,0.0,0.0,0.0,0.0,0.0,0.0,0.0,0.0,5200.0
2021-10-25,7.0,0.0,2.0,3.0,3.0,0.0,0.0,2.0,0.0,0.0,2.0,1.0,3.0,1.0,0.0,4348.0
2021-10-26,,,,,,,,,,,,,,,,4337.0
2021-10-27,0.0,0.0,0.0,0.0,0.0,0.0,0.0,0.0,0.0,0.0,0.0,0.0,0.0,0.0,0.0,3157.0
2021-10-28,2.0,0.0,1.0,13.0,2.0,0.0,0.0,0.0,0.0,0.0,0.0,1.0,0.0,0.0,0.0,7031.0
2021-10-29,0.0,0.0,3.0,2.0,1.0,0.0,0.0,0.0,0.0,0.0,0.0,0.0,0.0,0.0,0.0,3982.0
2021-10-30,1.0,0.0,1.0,14.0,0.0,0.0,0.0,0.0,0.0,0.0,0.0,3.0,0.0,0.0,0.0,3943.0
2021-10-31,0.0,0.0,1.0,4.0,0.0,0.0,0.0,0.0,0.0,0.0,0.0,1.0,0.0,0.0,0.0,3369.0
2021-11-01,1.0,0.0,0.0,0.0,0.0,0.0,0.0,0.0,0.0,0.0,1.0,0.0,0.0,0.0,0.0,3070.0
2021-11-02,0.0,0.0,0.0,0.0,0.0,0.0,0.0,0.0,0.0,0.0,0.0,0.0,0.0,0.0,0.0,2273.0
2021-11-03,0.0,0.0,1.0,8.0,3.0,0.0,0.0,1.0,0.0,0.0,0.0,0.0,0.0,0.0,0.0,1566.0
2021-11-04,1.0,0.0,0.0,0.0,2.0,0.0,0.0,1.0,0.0,0.0,1.0,0.0,0.0,0.0,0.0,1730.0
2021-11-05,7.0,0.0,2.0,27.0,1.0,0.0,0.0,2.0,1.0,0.0,0.0,0.0,0.0,2.0,0.0,2342.0
2021-11-06,0.0,0.0,1.0,8.0,0.0,2.0,0.0,0.0,0.0,0.0,0.0,0.0,0.0,0.0,0.0,2608.0
2021-11-07,1.0,0.0,0.0,0.0,0.0,2.0,0.0,0.0,0.0,0.0,0.0,0.0,0.0,0.0,0.0,2564.0
2021-11-08,2.0,0.0,0.0,0.0,2.0,2.0,0.0,0.0,0.0,0.0,0.0,3.0,1.0,0.0,0.0,2053.0
2021-11-09,0.0,0.0,0.0,2.0,0.0,0.0,0.0,0.0,0.0,0.0,0.0,0.0,0.0,0.0,0.0,1407.0
2021-11-10,0.0,0.0,0.0,1.0,0.0,1.0,0.0,0.0,0.0,0.0,0.0,0.0,0.0,0.0,0.0,2606.0
2021-11-11,0.0,0.0,0.0,0.0,0.0,0.0,0.0,0.0,0.0,0.0,0.0,1.0,0.0,0.0,0.0,1940.0
2021-11-12,,,,,,,,,,,,,,,,1866.0
2021-11-13,0.0,0.0,0.0,0.0,1.0,0.0,0.0,0.0,0.0,0.0,0.0,0.0,0.0,0.0,0.0,1968.0
2021-11-14,1.0,0.0,0.0,0.0,0.0,0.0,0.0,0.0,0.0,0.0,0.0,0.0,2.0,0.0,0.0,1902.0
2021-11-15,1.0,0.0,0.0,0.0,0.0,0.0,0.0,0.0,0.0,0.0,0.0,0.0,1.0,0.0,0.0,1527.0
2021-11-16,0.0,0.0,0.0,0.0,0.0,0.0,0.0,0.0,0.0,0.0,0.0,0.0,0.0,0.0,0.0,832.0
2021-11-17,0.0,0.0,0.0,4.0,1.0,0.0,0.0,0.0,0.0,0.0,0.0,0.0,0.0,0.0,0.0,1168.0
2021-11-18,0.0,0.0,1.0,2.0,0.0,0.0,0.0,0.0,0.0,0.0,0.0,0.0,0.0,0.0,0.0,1281.0
2021-11-19,,,,,,,,,,,,,,,,1451.0
2021-11-20,0.0,0.0,1.0,3.0,0.0,3.0,0.0,0.0,0.0,0.0,5.0,0.0,0.0,0.0,0.0,1454.0
2021-11-21,0.0,0.0,0.0,2.0,0.0,0.0,0.0,0.0,0.0,0.0,0.0,0.0,0.0,0.0,0.0,2198.0
2021-11-22,1.0,0.0,0.0,3.0,0.0,0.0,0.0,0.0,2.0,0.0,0.0,0.0,0.0,0.0,0.0,974.0
2021-11-23,2.0,0.0,0.0,0.0,0.0,0.0,0.0,0.0,0.0,0.0,0.0,0.0,1.0,0.0,0.0,1127.0
2021-11-24,0.0,0.0,0.0,0.0,0.0,0.0,0.0,0.0,0.0,0.0,0.0,0.0,0.0,0.0,0.0,869.0
2021-11-25,0.0,0.0,0.0,0.0,0.0,0.0,0.0,0.0,0.0,0.0,0.0,1.0,0.0,0.0,0.0,961.0
2021-11-26,,,,,,,,,,,,,,,,853.0
2021-11-27,1.0,0.0,0.0,0.0,0.0,0.0,0.0,0.0,0.0,0.0,0.0,0.0,0.0,1.0,0.0,888.0
2021-11-28,1.0,0.0,1.0,1.0,0.0,1.0,0.0,0.0,1.0,0.0,2.0,1.0,0.0,1.0,0.0,831.0
2021-11-29,3.0,0.0,0.0,2.0,0.0,0.0,0.0,1.0,0.0,0.0,0.0,0.0,1.0,0.0,0.0,655.0
2021-11-30,0.0,0.0,0.0,0.0,0.0,0.0,0.0,0.0,0.0,0.0,0.0,0.0,0.0,0.0,0.0,420.0
2021-12-01,2.0,0.0,0.0,0.0,0.0,0.0,0.0,0.0,0.0,0.0,0.0,0.0,2.0,0.0,0.0,490.0
2021-12-02,1.0,0.0,0.0,0.0,0.0,0.0,0.0,0.0,0.0,0.0,0.0,0.0,1.0,0.0,0.0,554.0
2021-12-03,0.0,0.0,0.0,0.0,1.0,0.0,0.0,0.0,0.0,0.0,4.0,0.0,0.0,2.0,0.0,537.0
2021-12-04,,,,,,,,,,,,,,,,507.0
2021-12-05,0.0,0.0,0.0,0.0,1.0,0.0,0.0,0.0,0.0,0.0,0.0,1.0,0.0,0.0,0.0,598.0
2021-12-06,0.0,0.0,0.0,0.0,0.0,0.0,0.0,0.0,0.0,0.0,0.0,0.0,0.0,0.0,0.0,538.0
2021-12-07,,,,,,,,,,,,,,,,343.0
2021-12-08,,,,,,,,,,,,,,,,362.0
2021-12-09,,,,,,,,,,,,,,,,555.0
2021-12-10,0.0,0.0,0.0,3.0,1.0,0.0,0.0,0.0,0.0,0.0,0.0,9.0,0.0,0.0,0.0,370.0
2021-12-11,1.0,0.0,0.0,6.0,0.0,0.0,0.0,0.0,0.0,0.0,0.0,0.0,0.0,0.0,0.0,353.0
2021-12-12,3.0,0.0,1.0,13.0,0.0,0.0,0.0,1.0,6.0,0.0,1.0,0.0,1.0,1.0,0.0,400.0
2021-12-13,2.0,0.0,0.0,1.0,0.0,0.0,0.0,0.0,0.0,0.0,0.0,1.0,0.0,0.0,0.0,355.0
2021-12-14,,,,,,,,,,,,,,,,233.0
2021-12-15,4.0,0.0,0.0,0.0,0.0,0.0,0.0,4.0,0.0,0.0,0.0,7.0,0.0,1.0,0.0,228.0
2021-12-16,0.0,0.0,0.0,0.0,0.0,0.0,0.0,0.0,0.0,0.0,0.0,0.0,0.0,0.0,0.0,282.0
2021-12-17,,,,,,,,,,,,,,,,570.0
2021-12-18,,,,,,,,,,,,,,,,285.0
2021-12-19,,,,,,,,,,,,,,,,200.0
2021-12-20,0.0,0.0,0.0,0.0,0.0,0.0,0.0,0.0,0.0,0.0,0.0,0.0,0.0,0.0,0.0,260.0
2021-12-21,0.0,0.0,1.0,5.0,1.0,1.0,0.0,2.0,0.0,0.0,1.0,0.0,0.0,0.0,0.0,166.0
2021-12-22,0.0,0.0,0.0,0.0,0.0,0.0,0.0,0.0,0.0,0.0,0.0,0.0,0.0,0.0,0.0,254.0
2021-12-23,0.0,0.0,2.0,8.0,0.0,1.0,0.0,0.0,0.0,0.0,0.0,0.0,0.0,2.0,0.0,282.0
2021-12-24,0.0,0.0,0.0,0.0,0.0,0.0,0.0,0.0,0.0,0.0,0.0,0.0,0.0,0.0,0.0,299.0
2021-12-25,0.0,0.0,0.0,0.0,0.0,0.0,0.0,0.0,0.0,0.0,0.0,0.0,0.0,0.0,0.0,424.0
2021-12-26,1.0,0.0,0.0,6.0,0.0,0.0,0.0,0.0,0.0,0.0,0.0,0.0,0.0,0.0,0.0,428.0
2021-12-27,0.0,0.0,0.0,0.0,0.0,0.0,0.0,0.0,0.0,0.0,0.0,0.0,0.0,0.0,0.0,315.0
2021-12-28,0.0,0.0,1.0,0.0,1.0,0.0,0.0,0.0,0.0,0.0,0.0,2.0,0.0,0.0,0.0,402.0
2021-12-29,1.0,0.0,0.0,0.0,0.0,0.0,0.0,0.0,0.0,0.0,0.0,0.0,0.0,0.0,0.0,871.0
2021-12-30,0.0,0.0,0.0,0.0,0.0,0.0,0.0,0.0,0.0,0.0,0.0,0.0,0.0,0.0,0.0,1591.0
2021-12-31,5.0,0.0,0.0,4.0,1.0,3.0,0.0,0.0,0.0,0.0,4.0,0.0,1.0,0.0,0.0,2908.0
2022-01-01,0.0,0.0,2.0,1.0,0.0,1.0,0.0,2.0,0.0,0.0,2.0,0.0,0.0,0.0,0.0,3561.0
2022-01-02,4.0,0.0,0.0,0.0,0.0,0.0,0.0,0.0,2.0,0.0,1.0,0.0,0.0,0.0,0.0,4532.0
2022-01-03,4.0,0.0,0.0,7.0,0.0,0.0,0.0,1.0,0.0,0.0,0.0,4.0,0.0,0.0,0.0,4002.0
2022-01-04,3.0,0.0,0.0,4.0,1.0,1.0,0.0,1.0,0.0,0.0,0.0,1.0,2.0,1.0,0.0,5330.0
2022-01-05,1.0,0.0,0.0,1.0,0.0,1.0,0.0,0.0,0.0,0.0,0.0,6.0,0.0,0.0,0.0,10554.0
2022-01-06,3.0,0.0,1.0,6.0,4.0,0.0,0.0,0.0,0.0,0.0,0.0,4.0,0.0,0.0,0.0,16883.0
2022-01-07,0.0,0.0,0.0,1.0,0.0,0.0,0.0,0.0,0.0,0.0,0.0,0.0,0.0,0.0,0.0,21321.0
2022-01-08,6.0,0.0,0.0,0.0,0.0,4.0,0.0,0.0,0.0,0.0,0.0,0.0,0.0,1.0,0.0,25951.0
2022-01-09,3.0,0.0,0.0,0.0,1.0,0.0,0.0,0.0,2.0,0.0,0.0,3.0,0.0,0.0,0.0,28183.0
2022-01-10,3.0,0.0,1.0,3.0,1.0,0.0,0.0,1.0,0.0,0.0,1.0,8.0,0.0,0.0,0.0,32601.0
2022-01-11,0.0,0.0,0.0,0.0,0.0,1.0,0.0,0.0,0.0,0.0,0.0,0.0,0.0,0.0,0.0,27514.0
2022-01-12,9.0,0.0,0.0,0.0,1.0,1.0,0.0,1.0,0.0,0.0,1.0,2.0,0.0,0.0,0.0,31556.0
2022-01-13,1.0,0.0,0.0,1.0,0.0,1.0,0.0,0.0,0.0,0.0,1.0,3.0,0.0,0.0,0.0,4305.0
2022-01-13,1.0,0.0,0.0,1.0,0.0,1.0,0.0,0.0,0.0,0.0,1.0,3.0,0.0,0.0,0.0,28966.0
2022-01-14,2.0,0.0,1.0,2.0,1.0,1.0,0.0,0.0,1.0,0.0,5.0,0.0,0.0,0.0,0.0,36573.0
2022-01-15,5.0,0.0,1.0,1.0,1.0,3.0,0.0,0.0,5.0,0.0,2.0,4.0,0.0,0.0,0.0,38370.0
2022-01-16,1.0,0.0,0.0,5.0,0.0,0.0,0.0,2.0,0.0,0.0,2.0,4.0,1.0,0.0,0.0,36560.0
2022-01-17,3.0,0.0,3.0,8.0,0.0,1.0,0.0,1.0,0.0,0.0,1.0,4.0,0.0,1.0,0.0,36505.0
2022-01-18,5.0,0.0,0.0,29.0,2.0,1.0,0.0,2.0,7.0,0.0,2.0,9.0,0.0,1.0,0.0,28011.0
2022-01-19,7.0,0.0,0.0,3.0,0.0,1.0,0.0,1.0,0.0,0.0,2.0,5.0,0.0,5.0,0.0,22564.0
2022-01-20,2.0,0.0,0.0,0.0,1.0,0.0,0.0,0.0,0.0,0.0,0.0,8.0,0.0,0.0,0.0,30645.0
2022-01-21,1.0,0.0,1.0,1.0,0.0,2.0,0.0,2.0,0.0,0.0,0.0,3.0,0.0,0.0,0.0,32176.0
2022-01-22,6.0,0.0,0.0,2.0,2.0,2.0,0.0,2.0,0.0,0.0,0.0,1.0,0.0,1.0,0.0,30015.0
2022-01-23,0.0,0.0,0.0,0.0,0.0,1.0,0.0,0.0,0.0,0.0,0.0,0.0,0.0,0.0,0.0,29383.0
2022-01-24,1.0,0.0,0.0,0.0,0.0,0.0,0.0,0.0,0.0,0.0,0.0,0.0,0.0,0.0,0.0,24670.0
2022-01-25,0.0,0.0,0.0,0.0,0.0,0.0,0.0,0.0,0.0,0.0,0.0,0.0,0.0,0.0,0.0,17333.0
2022-01-26,6.0,0.0,0.0,3.0,1.0,0.0,0.0,0.0,0.0,0.0,1.0,0.0,0.0,0.0,0.0,15523.0
2022-01-27,0.0,0.0,0.0,2.0,0.0,0.0,0.0,0.0,3.0,0.0,3.0,2.0,0.0,0.0,0.0,17530.0
2022-01-28,0.0,0.0,0.0,0.0,0.0,0.0,0.0,0.0,0.0,0.0,0.0,0.0,0.0,0.0,0.0,18369.0
2022-01-29,0.0,0.0,0.0,4.0,0.0,0.0,0.0,1.0,2.0,0.0,0.0,5.0,2.0,0.0,0.0,17107.0
2022-01-30,6.0,0.0,0.0,0.0,0.0,0.0,0.0,1.0,0.0,0.0,0.0,2.0,0.0,0.0,0.0,16680.0
2022-01-31,1.0,0.0,0.0,0.0,0.0,1.0,0.0,0.0,0.0,0.0,2.0,1.0,0.0,0.0,0.0,14128.0
2022-02-01,0.0,0.0,0.0,0.0,0.0,0.0,0.0,0.0,0.0,0.0,0.0,0.0,0.0,0.0,0.0,9286.0
2022-02-02,1.0,0.0,0.0,0.0,0.0,0.0,0.0,0.0,0.0,0.0,0.0,0.0,1.0,0.0,0.0,7490.0
2022-02-03,0.0,0.0,4.0,3.0,0.0,2.0,0.0,4.0,0.0,0.0,0.0,0.0,0.0,1.0,0.0,8586.0
2022-02-04,0.0,0.0,0.0,0.0,0.0,0.0,0.0,0.0,0.0,0.0,0.0,0.0,0.0,1.0,0.0,8365.0
2022-02-05,,,,,,,,,,,,,,,,7571.0
2022-02-06,0.0,0.0,0.0,0.0,0.0,0.0,0.0,0.0,0.0,0.0,0.0,0.0,0.0,0.0,0.0,7768.0
2022-02-07,0.0,0.0,0.0,6.0,0.0,1.0,0.0,0.0,0.0,0.0,0.0,0.0,0.0,0.0,0.0,6622.0
2022-02-08,3.0,0.0,0.0,0.0,0.0,1.0,0.0,0.0,0.0,0.0,0.0,0.0,0.0,0.0,0.0,3086.0
2022-02-09,0.0,0.0,0.0,0.0,0.0,0.0,0.0,0.0,0.0,0.0,0.0,0.0,0.0,0.0,0.0,3482.0
2022-02-10,,,,,,,,,,,,,,,,4395.0
2022-02-11,0.0,0.0,0.0,0.0,0.0,0.0,0.0,0.0,0.0,0.0,0.0,0.0,0.0,0.0,0.0,3729.0
2022-02-12,,,,,,,,,,,,,,,,3644.0
2022-02-13,0.0,0.0,0.0,0.0,0.0,0.0,0.0,0.0,0.0,0.0,0.0,0.0,0.0,0.0,0.0,3017.0
2022-02-14,0.0,0.0,0.0,4.0,0.0,0.0,0.0,0.0,0.0,0.0,0.0,0.0,0.0,0.0,0.0,2687.0
2022-02-15,1.0,0.0,0.0,0.0,0.0,0.0,0.0,0.0,0.0,0.0,0.0,0.0,0.0,0.0,0.0,1946.0
2022-02-16,0.0,0.0,0.0,0.0,0.0,0.0,0.0,0.0,0.0,0.0,0.0,0.0,0.0,0.0,0.0,1935.0
2022-02-17,,,,,,,,,,,,,,,,2097.0
2022-02-18,0.0,0.0,0.0,0.0,0.0,0.0,0.0,0.0,0.0,0.0,0.0,0.0,0.0,0.0,0.0,2150.0
2022-02-19,,,,,,,,,,,,,,,,1828.0
2022-02-20,,,,,,,,,,,,,,,,1640.0
2022-02-21,1.0,0.0,0.0,4.0,0.0,0.0,0.0,0.0,0.0,0.0,0.0,0.0,0.0,0.0,0.0,1372.0
2022-02-22,2.0,0.0,0.0,3.0,0.0,0.0,0.0,0.0,0.0,0.0,0.0,0.0,0.0,0.0,0.0,967.0
2022-02-23,,,,,,,,,,,,,,,,1482.0
2022-02-24,,,,,,,,,,,,,,,,1696.0
2022-02-25,0.0,0.0,0.0,0.0,0.0,0.0,0.0,0.0,0.0,0.0,0.0,0.0,0.0,0.0,0.0,1616.0
2022-02-26,,,,,,,,,,,,,,,,1164.0
2022-02-27,0.0,0.0,0.0,4.0,0.0,0.0,0.0,0.0,0.0,0.0,0.0,0.0,0.0,0.0,0.0,1011.0
2022-02-28,1.0,0.0,0.0,0.0,0.0,0.0,0.0,0.0,1.0,0.0,0.0,0.0,1.0,0.0,0.0,916.0
2022-03-01,1.0,0.0,0.0,0.0,4.0,0.0,0.0,0.0,0.0,0.0,0.0,0.0,2.0,0.0,0.0,1047.0
2022-03-02,1.0,0.0,0.0,0.0,0.0,0.0,0.0,0.0,0.0,0.0,0.0,0.0,0.0,0.0,0.0,828.0
2022-03-03,0.0,0.0,0.0,0.0,0.0,0.0,0.0,0.0,0.0,0.0,0.0,0.0,0.0,0.0,0.0,947.0
2022-03-04,,,,,,,,,,,,,,,,812.0
2022-03-05,,,,,,,,,,,,,,,,896.0
2022-03-06,,,,,,,,,,,,,,,,834.0
2022-03-07,2.0,0.0,0.0,0.0,0.0,1.0,0.0,0.0,1.0,0.0,1.0,0.0,0.0,0.0,0.0,711.0
2022-03-08,,,,,,,,,,,,,,,,431.0
2022-03-09,,,,,,,,,,,,,,,,558.0
2022-03-10,4.0,0.0,3.0,17.0,1.0,1.0,0.0,2.0,2.0,0.0,3.0,1.0,0.0,0.0,0.0,576.0
2022-03-11,0.0,0.0,0.0,0.0,2.0,1.0,0.0,0.0,3.0,0.0,0.0,0.0,0.0,0.0,0.0,579.0
2022-03-12,0.0,0.0,0.0,1.0,0.0,0.0,0.0,0.0,0.0,0.0,0.0,0.0,0.0,3.0,0.0,628.0
2022-03-13,8.0,0.0,0.0,0.0,1.0,1.0,0.0,0.0,0.0,0.0,1.0,0.0,2.0,0.0,0.0,540.0
2022-03-14,0.0,0.0,0.0,0.0,0.0,0.0,0.0,0.0,0.0,0.0,0.0,0.0,0.0,0.0,0.0,536.0
2022-03-15,,,,,,,,,,,,,,,,376.0
2022-03-16,,,,,,,,,,,,,,,,372.0
2022-03-17,,,,,,,,,,,,,,,,566.0
2022-03-18,,,,,,,,,,,,,,,,523.0
2022-03-19,,,,,,,,,,,,,,,,500.0
2022-03-20,,,,,,,,,,,,,,,,538.0
2022-03-21,,,,,,,,,,,,,,,,402.0
2022-03-22,,,,,,,,,,,,,,,,281.0
2022-03-23,,,,,,,,,,,,,,,,389.0
2022-03-24,,,,,,,,,,,,,,,,423.0
2022-03-25,,,,,,,,,,,,,,,,390.0
2022-03-26,,,,,,,,,,,,,,,,425.0
2022-03-27,,,,,,,,,,,,,,,,323.0
2022-03-28,2.0,0.0,0.0,0.0,0.0,1.0,0.0,0.0,0.0,0.0,1.0,0.0,2.0,0.0,0.0,368.0
2022-03-29,,,,,,,,,,,,,,,,238.0
2022-03-30,,,,,,,,,,,,,,,,300.0
2022-03-31,1.0,0.0,0.0,0.0,0.0,2.0,0.0,0.0,0.0,0.0,4.0,0.0,0.0,0.0,0.0,311.0
2022-04-01,,,,,,,,,,,,,,,,342.0
2022-04-02,,,,,,,,,,,,,,,,361.0
2022-04-03,3.0,0.0,0.0,0.0,0.0,0.0,0.0,0.0,0.0,0.0,0.0,0.0,0.0,0.0,0.0,653.0
2022-04-04,0.0,0.0,0.0,0.0,0.0,0.0,0.0,0.0,0.0,0.0,0.0,0.0,0.0,0.0,0.0,259.0
2022-04-05,,,,,,,,,,,,,,,,218.0
2022-04-06,,,,,,,,,,,,,,,,253.0
2022-04-07,,,,,,,,,,,,,,,,263.0
2022-04-08,,,,,,,,,,,,,,,,276.0
2022-04-09,0.0,0.0,0.0,0.0,0.0,0.0,0.0,0.0,0.0,0.0,0.0,0.0,0.0,0.0,0.0,288.0
2022-04-10,0.0,0.0,0.0,0.0,0.0,0.0,0.0,0.0,0.0,0.0,0.0,0.0,0.0,0.0,0.0,269.0
2022-04-11,0.0,0.0,0.0,0.0,0.0,0.0,0.0,0.0,1.0,0.0,0.0,0.0,0.0,0.0,0.0,263.0
2022-04-12,0.0,0.0,0.0,0.0,0.0,0.0,0.0,0.0,0.0,0.0,0.0,0.0,0.0,0.0,0.0,199.0
2022-04-13,0.0,0.0,0.0,0.0,1.0,2.0,0.0,0.0,0.0,0.0,1.0,0.0,0.0,0.0,0.0,224.0
2022-04-14,,,,,,,,,,,,,,,,263.0
2022-04-15,2.0,0.0,0.0,0.0,0.0,1.0,0.0,0.0,0.0,0.0,2.0,0.0,0.0,0.0,0.0,266.0
2022-04-16,,,,,,,,,,,,,,,,219.0
2022-04-17,,,,,,,,,,,,,,,,192.0
2022-04-18,0.0,0.0,0.0,0.0,0.0,0.0,0.0,0.0,0.0,0.0,0.0,0.0,0.0,0.0,0.0,168.0
2022-04-19,,,,,,,,,,,,,,,,151.0
2022-04-20,,,,,,,,,,,,,,,,352.0
2022-04-21,,,,,,,,,,,,,,,,127.0
2022-04-22,,,,,,,,,,,,,,,,222.0
2022-04-23,,,,,,,,,,,,,,,,198.0
2022-04-24,,,,,,,,,,,,,,,,198.0
2022-04-25,,,,,,,,,,,,,,,,174.0
2022-04-26,,,,,,,,,,,,,,,,118.0
2022-04-27,,,,,,,,,,,,,,,,191.0
2022-04-28,,,,,,,,,,,,,,,,186.0
2022-04-29,,,,,,,,,,,,,,,,180.0
2022-04-30,,,,,,,,,,,,,,,,227.0
2022-05-01,,,,,,,,,,,,,,,,249.0
2022-05-02,0.0,0.0,0.0,0.0,0.0,0.0,0.0,0.0,0.0,0.0,0.0,0.0,0.0,0.0,0.0,182.0
2022-05-03,0.0,0.0,0.0,0.0,0.0,0.0,0.0,0.0,0.0,0.0,0.0,0.0,0.0,0.0,0.0,132.0
2022-05-04,,,,,,,,,,,,,,,,157.0
2022-05-05,,,,,,,,,,,,,,,,167.0
2022-05-06,,,,,,,,,,,,,,,,143.0
2022-05-07,,,,,,,,,,,,,,,,173.0
2022-05-08,,,,,,,,,,,,,,,,148.0
2022-05-09,,,,,,,,,,,,,,,,176.0
2022-05-10,,,,,,,,,,,,,,,,121.0
2022-05-11,,,,,,,,,,,,,,,,107.0
2022-05-12,,,,,,,,,,,,,,,,137.0
2022-05-13,,,,,,,,,,,,,,,,169.0
2022-05-14,,,,,,,,,,,,,,,,166.0
2022-05-15,,,,,,,,,,,,,,,,200.0
2022-05-16,,,,,,,,,,,,,,,,154.0
2022-05-17,,,,,,,,,,,,,,,,108.0
2022-05-18,,,,,,,,,,,,,,,,102.0
2022-05-19,,,,,,,,,,,,,,,,187.0
2022-05-20,,,,,,,,,,,,,,,,209.0
2022-05-21,,,,,,,,,,,,,,,,243.0
2022-05-22,,,,,,,,,,,,,,,,185.0
2022-05-23,0.0,0.0,0.0,0.0,0.0,0.0,0.0,0.0,0.0,0.0,0.0,0.0,0.0,0.0,0.0,184.0
2022-05-24,0.0,0.0,0.0,0.0,0.0,0.0,0.0,0.0,0.0,0.0,0.0,0.0,0.0,0.0,0.0,145.0
2022-05-25,0.0,0.0,0.0,0.0,0.0,0.0,0.0,0.0,0.0,0.0,0.0,0.0,0.0,0.0,0.0,170.0
2022-05-26,,,,,,,,,,,,,,,,194.0
2022-05-27,,,,,,,,,,,,,,,,202.0
2022-05-28,,,,,,,,,,,,,,,,193.0
